source_url,source_title,publisher,fetch_date,document_version,effective_date,license_or_terms,checksum,ingest_batch_id,source_path
https://raw.githubusercontent.com/LawRefBook/Laws/master/司法解释/人民检察院刑事诉讼规则(2019-12-02).md,人民检察院刑事诉讼规则,LawRefBook (来源声明：国家法律法规数据库),2026-03-27,2019-12-02,2019-12-02,法律法规文本（公开法律文本整合）,2d2e7728f9c7fcce,p2_1774612796,司法解释/人民检察院刑事诉讼规则(2019-12-02).md
https://raw.githubusercontent.com/LawRefBook/Laws/master/司法解释/人民检察院刑事诉讼规则（试行）(2012-11-22).md,人民检察院刑事诉讼规则（试行）,LawRefBook (来源声明：国家法律法规数据库),2026-03-27,2012-11-22,2012-11-22,法律法规文本（公开法律文本整合）,136ff187e6311244,p2_1774612796,司法解释/人民检察院刑事诉讼规则（试行）(2012-11-22).md
https://raw.githubusercontent.com/LawRefBook/Laws/master/司法解释/最高人民法院关于适用《刑事诉讼法》的解释(2021-01-26).md,最高人民法院关于适用《中华人民共和国刑事诉讼法》的解释,LawRefBook (来源声明：国家法律法规数据库),2026-03-27,2021-01-26,2021-01-26,法律法规文本（公开法律文本整合）,68ad0b6eb05d6608,p2_1774612796,司法解释/最高人民法院关于适用《刑事诉讼法》的解释(2021-01-26).md
https://raw.githubusercontent.com/LawRefBook/Laws/master/刑法/刑法.md,中华人民共和国刑法,LawRefBook (来源声明：国家法律法规数据库),2026-03-27,0000-00-00,,法律法规文本（公开法律文本整合）,bd8528ce180b1883,p2_1774612796,刑法/刑法.md
https://raw.githubusercontent.com/LawRefBook/Laws/master/司法解释/最高人民法院关于适用《民事诉讼法》的解释(2022-04-02).md,最高人民法院关于适用《中华人民共和国民事诉讼法》的解释,LawRefBook (来源声明：国家法律法规数据库),2026-03-27,2022-04-02,2022-04-02,法律法规文本（公开法律文本整合）,f9e9d8e1e3e2b2c1,p2_1774612796,司法解释/最高人民法院关于适用《民事诉讼法》的解释(2022-04-02).md
https://raw.githubusercontent.com/LawRefBook/Laws/master/部门规章/公安部/公安机关办理刑事案件程序规定(2020-07-20).md,公安机关办理刑事案件程序规定,LawRefBook (来源声明：国家法律法规数据库),2026-03-27,2020-07-20,2020-07-20,法律法规文本（公开法律文本整合）,15509981274e61cf,p2_1774612796,部门规章/公安部/公安机关办理刑事案件程序规定(2020-07-20).md
https://raw.githubusercontent.com/LawRefBook/Laws/master/民法典/合同编.md,中华人民共和国民法典,LawRefBook (来源声明：国家法律法规数据库),2026-03-27,0000-00-00,,法律法规文本（公开法律文本整合）,ada6b16d103212ae,p2_1774612796,民法典/合同编.md
https://raw.githubusercontent.com/LawRefBook/Laws/master/诉讼与非诉讼程序法/刑事诉讼法(2018-10-26).md,中华人民共和国刑事诉讼法,LawRefBook (来源声明：国家法律法规数据库),2026-03-27,2018-10-26,2018-10-26,法律法规文本（公开法律文本整合）,abc8634944d0e877,p2_1774612796,诉讼与非诉讼程序法/刑事诉讼法(2018-10-26).md
https://raw.githubusercontent.com/LawRefBook/Laws/master/部门规章/公安部/公安机关办理行政案件程序规定(2019-04-27).md,公安机关办理行政案件程序规定,LawRefBook (来源声明：国家法律法规数据库),2026-03-27,2019-04-27,2019-04-27,法律法规文本（公开法律文本整合）,4fb7826cd25ae389,p2_1774612796,部门规章/公安部/公安机关办理行政案件程序规定(2019-04-27).md
https://raw.githubusercontent.com/LawRefBook/Laws/master/诉讼与非诉讼程序法/民事诉讼法(2023-09-01).md,中华人民共和国民事诉讼法,LawRefBook (来源声明：国家法律法规数据库),2026-03-27,2023-09-01,2023-09-01,法律法规文本（公开法律文本整合）,2104e256da1617a3,p2_1774612796,诉讼与非诉讼程序法/民事诉讼法(2023-09-01).md
https://raw.githubusercontent.com/LawRefBook/Laws/master/民法商法/证券法(2019-12-28).md,中华人民共和国证券法,LawRefBook (来源声明：国家法律法规数据库),2026-03-27,2019-12-28,2019-12-28,法律法规文本（公开法律文本整合）,ad8eb9c81ed0237d,p2_1774612796,民法商法/证券法(2019-12-28).md
https://raw.githubusercontent.com/LawRefBook/Laws/master/民法商法/公司法(2023-12-29).md,中华人民共和国公司法,LawRefBook (来源声明：国家法律法规数据库),2026-03-27,2023-12-29,2023-12-29,法律法规文本（公开法律文本整合）,2dbfe2d0c173adb0,p2_1774612796,民法商法/公司法(2023-12-29).md
https://raw.githubusercontent.com/LawRefBook/Laws/master/民法商法/海商法(1992-11-07).md,中华人民共和国海商法,LawRefBook (来源声明：国家法律法规数据库),2026-03-27,1992-11-07,1992-11-07,法律法规文本（公开法律文本整合）,2769946114ecdd62,p2_1774612796,民法商法/海商法(1992-11-07).md
https://raw.githubusercontent.com/LawRefBook/Laws/master/行政法/食品安全法(2021-04-29).md,中华人民共和国食品安全法,LawRefBook (来源声明：国家法律法规数据库),2026-03-27,2021-04-29,2021-04-29,法律法规文本（公开法律文本整合）,f1a8796acd66c0da,p2_1774612796,行政法/食品安全法(2021-04-29).md
https://raw.githubusercontent.com/LawRefBook/Laws/master/DLC/上海地方法规/地方性法规/上海/上海市食品安全条例(2017-01-20).md,上海市食品安全条例,LawRefBook (来源声明：国家法律法规数据库),2026-03-27,2017-01-20,2017-01-20,法律法规文本（公开法律文本整合）,5a1bd18823997dc2,p2_1774612796,DLC/上海地方法规/地方性法规/上海/上海市食品安全条例(2017-01-20).md
https://raw.githubusercontent.com/LawRefBook/Laws/master/行政法规/专利法实施细则(2023-12-11).md,中华人民共和国专利法实施细则,LawRefBook (来源声明：国家法律法规数据库),2026-03-27,2023-12-11,2023-12-11,法律法规文本（公开法律文本整合）,1d3ffba3732ffe00,p2_1774612796,行政法规/专利法实施细则(2023-12-11).md
https://raw.githubusercontent.com/LawRefBook/Laws/master/司法解释/最高人民法院关于适用《行政诉讼法》的解释(2018-02-06).md,最高人民法院关于适用《中华人民共和国行政诉讼法》的解释,LawRefBook (来源声明：国家法律法规数据库),2026-03-27,2018-02-06,2018-02-06,法律法规文本（公开法律文本整合）,cd21b792ee8d2981,p2_1774612796,司法解释/最高人民法院关于适用《行政诉讼法》的解释(2018-02-06).md
https://raw.githubusercontent.com/LawRefBook/Laws/master/经济法/民用航空法(2021-04-29).md,中华人民共和国民用航空法,LawRefBook (来源声明：国家法律法规数据库),2026-03-27,2021-04-29,2021-04-29,法律法规文本（公开法律文本整合）,fa80649ac688ff3d,p2_1774612796,经济法/民用航空法(2021-04-29).md
https://raw.githubusercontent.com/LawRefBook/Laws/master/经济法/期货和衍生品法(2022-04-20).md,中华人民共和国期货和衍生品法,LawRefBook (来源声明：国家法律法规数据库),2026-03-27,2022-04-20,2022-04-20,法律法规文本（公开法律文本整合）,5dff5c7a39e64380,p2_1774612796,经济法/期货和衍生品法(2022-04-20).md
https://raw.githubusercontent.com/LawRefBook/Laws/master/部门规章/公安部/机动车驾驶证申领和使用规定(2021-12-17).md,机动车驾驶证申领和使用规定,LawRefBook (来源声明：国家法律法规数据库),2026-03-27,2021-12-17,2021-12-17,法律法规文本（公开法律文本整合）,97a4ad81b05229d8,p2_1774612796,部门规章/公安部/机动车驾驶证申领和使用规定(2021-12-17).md
https://raw.githubusercontent.com/LawRefBook/Laws/master/部门规章/公安部/机动车登记规定(2021-12-17).md,机动车登记规定,LawRefBook (来源声明：国家法律法规数据库),2026-03-27,2021-12-17,2021-12-17,法律法规文本（公开法律文本整合）,46c46443370c86c2,p2_1774612796,部门规章/公安部/机动车登记规定(2021-12-17).md
https://raw.githubusercontent.com/LawRefBook/Laws/master/民法商法/保险法(2015-04-24).md,中华人民共和国保险法,LawRefBook (来源声明：国家法律法规数据库),2026-03-27,2015-04-24,2015-04-24,法律法规文本（公开法律文本整合）,1458131c420fa285,p2_1774612796,民法商法/保险法(2015-04-24).md
https://raw.githubusercontent.com/LawRefBook/Laws/master/行政法/黄河保护法(2022-10-30).md,中华人民共和国黄河保护法,LawRefBook (来源声明：国家法律法规数据库),2026-03-27,2022-10-30,2022-10-30,法律法规文本（公开法律文本整合）,3cb105cabaff9ee9,p2_1774612796,行政法/黄河保护法(2022-10-30).md
https://raw.githubusercontent.com/LawRefBook/Laws/master/民法商法/证券投资基金法(2015-04-24).md,中华人民共和国证券投资基金法,LawRefBook (来源声明：国家法律法规数据库),2026-03-27,2015-04-24,2015-04-24,法律法规文本（公开法律文本整合）,71b218e87d56a59f,p2_1774612796,民法商法/证券投资基金法(2015-04-24).md
https://raw.githubusercontent.com/LawRefBook/Laws/master/DLC/浙江地方法规/地方性法规/浙江/宁波市住宅小区物业管理条例(2021-10-15).md,宁波市住宅小区物业管理条例,LawRefBook (来源声明：国家法律法规数据库),2026-03-27,2021-10-15,2021-10-15,法律法规文本（公开法律文本整合）,9dacb94614004c4f,p2_1774612796,DLC/浙江地方法规/地方性法规/浙江/宁波市住宅小区物业管理条例(2021-10-15).md
https://raw.githubusercontent.com/LawRefBook/Laws/master/行政法/药品管理法(2019-08-26).md,中华人民共和国药品管理法,LawRefBook (来源声明：国家法律法规数据库),2026-03-27,2019-08-26,2019-08-26,法律法规文本（公开法律文本整合）,590666fc8951c8c5,p2_1774612796,行政法/药品管理法(2019-08-26).md
https://raw.githubusercontent.com/LawRefBook/Laws/master/DLC/上海地方法规/地方性法规/上海/上海市优化营商环境条例(2024-09-27).md,上海市优化营商环境条例,LawRefBook (来源声明：国家法律法规数据库),2026-03-27,2024-09-27,2024-09-27,法律法规文本（公开法律文本整合）,6b9c8b2c1228e02f,p2_1774612796,DLC/上海地方法规/地方性法规/上海/上海市优化营商环境条例(2024-09-27).md
https://raw.githubusercontent.com/LawRefBook/Laws/master/民法典/物权编.md,中华人民共和国民法典,LawRefBook (来源声明：国家法律法规数据库),2026-03-27,0000-00-00,,法律法规文本（公开法律文本整合）,5a1cac1cc5133c05,p2_1774612796,民法典/物权编.md
https://raw.githubusercontent.com/LawRefBook/Laws/master/DLC/浙江地方法规/地方性法规/浙江/杭州市物业管理条例(2021-08-09).md,杭州市物业管理条例,LawRefBook (来源声明：国家法律法规数据库),2026-03-27,2021-08-09,2021-08-09,法律法规文本（公开法律文本整合）,a1e0549b400e6ad4,p2_1774612796,DLC/浙江地方法规/地方性法规/浙江/杭州市物业管理条例(2021-08-09).md
https://raw.githubusercontent.com/LawRefBook/Laws/master/行政法规/危险化学品安全管理条例(2013-12-07).md,危险化学品安全管理条例,LawRefBook (来源声明：国家法律法规数据库),2026-03-27,2013-12-07,2013-12-07,法律法规文本（公开法律文本整合）,5a13aef9b1047dca,p2_1774612796,行政法规/危险化学品安全管理条例(2013-12-07).md
https://raw.githubusercontent.com/LawRefBook/Laws/master/行政法/海洋环境保护法(2023-10-24).md,中华人民共和国海洋环境保护法,LawRefBook (来源声明：国家法律法规数据库),2026-03-27,2023-10-24,2023-10-24,法律法规文本（公开法律文本整合）,26fe35b2f9be8911,p2_1774612796,行政法/海洋环境保护法(2023-10-24).md
https://raw.githubusercontent.com/LawRefBook/Laws/master/行政法规/医疗器械监督管理条例(2024-12-06).md,医疗器械监督管理条例,LawRefBook (来源声明：国家法律法规数据库),2026-03-27,2024-12-06,2024-12-06,法律法规文本（公开法律文本整合）,7dd9c4ce4ad73346,p2_1774612796,行政法规/医疗器械监督管理条例(2024-12-06).md
https://raw.githubusercontent.com/LawRefBook/Laws/master/DLC/上海地方法规/地方性法规/上海/上海市住宅物业管理规定(2020-12-30).md,上海市住宅物业管理规定,LawRefBook (来源声明：国家法律法规数据库),2026-03-27,2020-12-30,2020-12-30,法律法规文本（公开法律文本整合）,81efdad5392eeedd,p2_1774612796,DLC/上海地方法规/地方性法规/上海/上海市住宅物业管理规定(2020-12-30).md
https://raw.githubusercontent.com/LawRefBook/Laws/master/社会法/安全生产法(2021-06-10).md,中华人民共和国安全生产法,LawRefBook (来源声明：国家法律法规数据库),2026-03-27,2021-06-10,2021-06-10,法律法规文本（公开法律文本整合）,cf7c1ffb68d91b47,p2_1774612796,社会法/安全生产法(2021-06-10).md
https://raw.githubusercontent.com/LawRefBook/Laws/master/DLC/北京地方法规/地方性法规/北京/北京市物业管理条例(2024-03-29).md,北京市物业管理条例,LawRefBook (来源声明：国家法律法规数据库),2026-03-27,2024-03-29,2024-03-29,法律法规文本（公开法律文本整合）,65d5502d502d1384,p2_1774612796,DLC/北京地方法规/地方性法规/北京/北京市物业管理条例(2024-03-29).md
https://raw.githubusercontent.com/LawRefBook/Laws/master/行政法/固体废物污染环境防治法(2020-04-29).md,中华人民共和国固体废物污染环境防治法,LawRefBook (来源声明：国家法律法规数据库),2026-03-27,2020-04-29,2020-04-29,法律法规文本（公开法律文本整合）,1b1fd2ba6c38df59,p2_1774612796,行政法/固体废物污染环境防治法(2020-04-29).md
https://raw.githubusercontent.com/LawRefBook/Laws/master/DLC/山东地方法规/地方性法规/山东/淄博市物业管理条例(2021-10-08).md,淄博市物业管理条例,LawRefBook (来源声明：国家法律法规数据库),2026-03-27,2021-10-08,2021-10-08,法律法规文本（公开法律文本整合）,ab0365d749fd5888,p2_1774612796,DLC/山东地方法规/地方性法规/山东/淄博市物业管理条例(2021-10-08).md
https://raw.githubusercontent.com/LawRefBook/Laws/master/宪法相关法/香港特别行政区基本法(1990-04-04).md,中华人民共和国香港特别行政区基本法,LawRefBook (来源声明：国家法律法规数据库),2026-03-27,1990-04-04,1990-04-04,法律法规文本（公开法律文本整合）,fa59921ac66d5171,p2_1774612796,宪法相关法/香港特别行政区基本法(1990-04-04).md
https://raw.githubusercontent.com/LawRefBook/Laws/master/行政法/海上交通安全法(2021-04-29).md,中华人民共和国海上交通安全法,LawRefBook (来源声明：国家法律法规数据库),2026-03-27,2021-04-29,2021-04-29,法律法规文本（公开法律文本整合）,183041458a433171,p2_1774612796,行政法/海上交通安全法(2021-04-29).md
https://raw.githubusercontent.com/LawRefBook/Laws/master/行政法/大气污染防治法(2018-10-26).md,中华人民共和国大气污染防治法,LawRefBook (来源声明：国家法律法规数据库),2026-03-27,2018-10-26,2018-10-26,法律法规文本（公开法律文本整合）,5d784909cff6c41a,p2_1774612796,行政法/大气污染防治法(2018-10-26).md
https://raw.githubusercontent.com/LawRefBook/Laws/master/DLC/河南地方法规/地方性法规/河南/河南省物业管理条例.md,河南省物业管理条例,LawRefBook (来源声明：国家法律法规数据库),2026-03-27,0000-00-00,,法律法规文本（公开法律文本整合）,0b3330f6fc6ea214,p2_1774612796,DLC/河南地方法规/地方性法规/河南/河南省物业管理条例.md
https://raw.githubusercontent.com/LawRefBook/Laws/master/行政法/疫苗管理法(2019-06-29).md,中华人民共和国疫苗管理法,LawRefBook (来源声明：国家法律法规数据库),2026-03-27,2019-06-29,2019-06-29,法律法规文本（公开法律文本整合）,ac1833fb9ec548e0,p2_1774612796,行政法/疫苗管理法(2019-06-29).md
https://raw.githubusercontent.com/LawRefBook/Laws/master/DLC/山东地方法规/地方性法规/山东/聊城市物业管理条例(2021-01-29).md,聊城市物业管理条例,LawRefBook (来源声明：国家法律法规数据库),2026-03-27,2021-01-29,2021-01-29,法律法规文本（公开法律文本整合）,0479ef1b217cd9b1,p2_1774612796,DLC/山东地方法规/地方性法规/山东/聊城市物业管理条例(2021-01-29).md
https://raw.githubusercontent.com/LawRefBook/Laws/master/部门规章/公安部/道路交通事故处理程序规定(2018-02-02).md,道路交通事故处理程序规定,LawRefBook (来源声明：国家法律法规数据库),2026-03-27,2018-02-02,2018-02-02,法律法规文本（公开法律文本整合）,c57a7cddad53ebc8,p2_1774612796,部门规章/公安部/道路交通事故处理程序规定(2018-02-02).md
https://raw.githubusercontent.com/LawRefBook/Laws/master/宪法相关法/地方各级人民代表大会和地方各级人民政府组织法(2022-03-11).md,中华人民共和国地方各级人民代表大会和地方各级人民政府组织法,LawRefBook (来源声明：国家法律法规数据库),2026-03-27,2022-03-11,2022-03-11,法律法规文本（公开法律文本整合）,053216197436838d,p2_1774612796,宪法相关法/地方各级人民代表大会和地方各级人民政府组织法(2022-03-11).md
https://raw.githubusercontent.com/LawRefBook/Laws/master/宪法/宪法.md,中华人民共和国宪法,LawRefBook (来源声明：国家法律法规数据库),2026-03-27,0000-00-00,,法律法规文本（公开法律文本整合）,bff20565ee2f8f5e,p2_1774612796,宪法/宪法.md
https://raw.githubusercontent.com/LawRefBook/Laws/master/DLC/山东地方法规/地方性法规/山东/聊城市大气污染防治条例(2018-09-21).md,聊城市大气污染防治条例,LawRefBook (来源声明：国家法律法规数据库),2026-03-27,2018-09-21,2018-09-21,法律法规文本（公开法律文本整合）,2597b29356249816,p2_1774612796,DLC/山东地方法规/地方性法规/山东/聊城市大气污染防治条例(2018-09-21).md
https://raw.githubusercontent.com/LawRefBook/Laws/master/社会法/未成年人保护法(2024-04-26).md,中华人民共和国未成年人保护法,LawRefBook (来源声明：国家法律法规数据库),2026-03-27,2024-04-26,2024-04-26,法律法规文本（公开法律文本整合）,be5a9f6c762b4fe6,p2_1774612796,社会法/未成年人保护法(2024-04-26).md
https://raw.githubusercontent.com/LawRefBook/Laws/master/行政法规/企业所得税法实施条例(2024-12-06).md,中华人民共和国企业所得税法实施条例,LawRefBook (来源声明：国家法律法规数据库),2026-03-27,2024-12-06,2024-12-06,法律法规文本（公开法律文本整合）,32c880d79f20da9d,p2_1774612796,行政法规/企业所得税法实施条例(2024-12-06).md
https://raw.githubusercontent.com/LawRefBook/Laws/master/行政法规/特种设备安全监察条例(2009-01-24).md,特种设备安全监察条例,LawRefBook (来源声明：国家法律法规数据库),2026-03-27,2009-01-24,2009-01-24,法律法规文本（公开法律文本整合）,96e1a81ad4553905,p2_1774612796,行政法规/特种设备安全监察条例(2009-01-24).md
https://raw.githubusercontent.com/LawRefBook/Laws/master/DLC/上海地方法规/地方性法规/上海/上海市环境保护条例(2021-11-25).md,上海市环境保护条例,LawRefBook (来源声明：国家法律法规数据库),2026-03-27,2021-11-25,2021-11-25,法律法规文本（公开法律文本整合）,93523a2d2be5fb66,p2_1774612796,DLC/上海地方法规/地方性法规/上海/上海市环境保护条例(2021-11-25).md
https://raw.githubusercontent.com/LawRefBook/Laws/master/司法解释/最高人民法院关于适用《民法典》合同编通则若干问题的解释(2023-12-04).md,最高人民法院关于适用《中华人民共和国民法典》合同编通则若干问题的解释,LawRefBook (来源声明：国家法律法规数据库),2026-03-27,2023-12-04,2023-12-04,法律法规文本（公开法律文本整合）,ae1d46f0ddc8a1ba,p2_1774612796,司法解释/最高人民法院关于适用《民法典》合同编通则若干问题的解释(2023-12-04).md
https://raw.githubusercontent.com/LawRefBook/Laws/master/DLC/广东地方法规/地方性法规/广东/广东省环境保护条例(2022-11-30).md,广东省环境保护条例,LawRefBook (来源声明：国家法律法规数据库),2026-03-27,2022-11-30,2022-11-30,法律法规文本（公开法律文本整合）,eb50fa5aba763459,p2_1774612796,DLC/广东地方法规/地方性法规/广东/广东省环境保护条例(2022-11-30).md
https://raw.githubusercontent.com/LawRefBook/Laws/master/民法典/总则.md,中华人民共和国民法典,LawRefBook (来源声明：国家法律法规数据库),2026-03-27,0000-00-00,,法律法规文本（公开法律文本整合）,6246072fc0765e59,p2_1774612796,民法典/总则.md
https://raw.githubusercontent.com/LawRefBook/Laws/master/行政法/文物保护法(2024-11-08).md,中华人民共和国文物保护法,LawRefBook (来源声明：国家法律法规数据库),2026-03-27,2024-11-08,2024-11-08,法律法规文本（公开法律文本整合）,b5eecc0e1fbd57b1,p2_1774612796,行政法/文物保护法(2024-11-08).md
https://raw.githubusercontent.com/LawRefBook/Laws/master/经济法/动物防疫法(2021-01-22).md,中华人民共和国动物防疫法,LawRefBook (来源声明：国家法律法规数据库),2026-03-27,2021-01-22,2021-01-22,法律法规文本（公开法律文本整合）,911446213da05ca8,p2_1774612796,经济法/动物防疫法(2021-01-22).md
https://raw.githubusercontent.com/LawRefBook/Laws/master/DLC/上海地方法规/地方性法规/上海/上海市大气污染防治条例(2018-12-20).md,上海市大气污染防治条例,LawRefBook (来源声明：国家法律法规数据库),2026-03-27,2018-12-20,2018-12-20,法律法规文本（公开法律文本整合）,0e4e9f9f68e9ea58,p2_1774612796,DLC/上海地方法规/地方性法规/上海/上海市大气污染防治条例(2018-12-20).md
https://raw.githubusercontent.com/LawRefBook/Laws/master/DLC/北京地方法规/地方性法规/北京/北京市实施《道路交通安全法》办法(2018-09-28).md,北京市实施《中华人民共和国道路交通安全法》办法,LawRefBook (来源声明：国家法律法规数据库),2026-03-27,2018-09-28,2018-09-28,法律法规文本（公开法律文本整合）,f3f6cfb931ce4e97,p2_1774612796,DLC/北京地方法规/地方性法规/北京/北京市实施《道路交通安全法》办法(2018-09-28).md
https://raw.githubusercontent.com/LawRefBook/Laws/master/宪法相关法/立法法(2023-03-13).md,中华人民共和国立法法,LawRefBook (来源声明：国家法律法规数据库),2026-03-27,2023-03-13,2023-03-13,法律法规文本（公开法律文本整合）,99c87fbb5c7c6539,p2_1774612796,宪法相关法/立法法(2023-03-13).md
https://raw.githubusercontent.com/LawRefBook/Laws/master/DLC/广东地方法规/地方性法规/广东/汕头经济特区消防条例(2022-12-30).md,汕头经济特区消防条例,LawRefBook (来源声明：国家法律法规数据库),2026-03-27,2022-12-30,2022-12-30,法律法规文本（公开法律文本整合）,464615bdb26bb575,p2_1774612796,DLC/广东地方法规/地方性法规/广东/汕头经济特区消防条例(2022-12-30).md
https://raw.githubusercontent.com/LawRefBook/Laws/master/行政法/道路交通安全法(2021-04-29).md,中华人民共和国道路交通安全法,LawRefBook (来源声明：国家法律法规数据库),2026-03-27,2021-04-29,2021-04-29,法律法规文本（公开法律文本整合）,7c115ea4bb5425b9,p2_1774612796,行政法/道路交通安全法(2021-04-29).md
https://raw.githubusercontent.com/LawRefBook/Laws/master/行政法/科学技术进步法(2021-12-24).md,中华人民共和国科学技术进步法,LawRefBook (来源声明：国家法律法规数据库),2026-03-27,2021-12-24,2021-12-24,法律法规文本（公开法律文本整合）,024f5f0ed343b8e0,p2_1774612796,行政法/科学技术进步法(2021-12-24).md
https://raw.githubusercontent.com/LawRefBook/Laws/master/DLC/山东地方法规/地方性法规/山东/日照市物业管理条例(2017-10-01).md,日照市物业管理条例,LawRefBook (来源声明：国家法律法规数据库),2026-03-27,2017-10-01,2017-10-01,法律法规文本（公开法律文本整合）,ecb592d25833762d,p2_1774612796,DLC/山东地方法规/地方性法规/山东/日照市物业管理条例(2017-10-01).md
https://raw.githubusercontent.com/LawRefBook/Laws/master/DLC/山东地方法规/地方性法规/山东/聊城市水环境保护条例(2018-01-23).md,聊城市水环境保护条例,LawRefBook (来源声明：国家法律法规数据库),2026-03-27,2018-01-23,2018-01-23,法律法规文本（公开法律文本整合）,7460ed280a15ece3,p2_1774612796,DLC/山东地方法规/地方性法规/山东/聊城市水环境保护条例(2018-01-23).md
https://raw.githubusercontent.com/LawRefBook/Laws/master/DLC/山东地方法规/地方性法规/山东/济南市城乡规划条例(2017-03-29).md,济南市城乡规划条例,LawRefBook (来源声明：国家法律法规数据库),2026-03-27,2017-03-29,2017-03-29,法律法规文本（公开法律文本整合）,0f002f8844e7b50d,p2_1774612796,DLC/山东地方法规/地方性法规/山东/济南市城乡规划条例(2017-03-29).md
https://raw.githubusercontent.com/LawRefBook/Laws/master/行政法/突发事件应对法(2024-06-28).md,中华人民共和国突发事件应对法,LawRefBook (来源声明：国家法律法规数据库),2026-03-27,2024-06-28,2024-06-28,法律法规文本（公开法律文本整合）,6aad47a557fb5602,p2_1774612796,行政法/突发事件应对法(2024-06-28).md
https://raw.githubusercontent.com/LawRefBook/Laws/master/DLC/广东地方法规/地方性法规/广东/清远市住宅小区物业管理条例(2022-12-07).md,清远市住宅小区物业管理条例,LawRefBook (来源声明：国家法律法规数据库),2026-03-27,2022-12-07,2022-12-07,法律法规文本（公开法律文本整合）,e89b18f23c31d057,p2_1774612796,DLC/广东地方法规/地方性法规/广东/清远市住宅小区物业管理条例(2022-12-07).md
https://raw.githubusercontent.com/LawRefBook/Laws/master/行政法规/飞行基本规则(2007-10-18).md,中华人民共和国飞行基本规则,LawRefBook (来源声明：国家法律法规数据库),2026-03-27,2007-10-18,2007-10-18,法律法规文本（公开法律文本整合）,625b02be7d7c25c4,p2_1774612796,行政法规/飞行基本规则(2007-10-18).md
https://raw.githubusercontent.com/LawRefBook/Laws/master/DLC/山东地方法规/地方性法规/山东/青岛市物业管理条例(2021-01-28).md,青岛市物业管理条例,LawRefBook (来源声明：国家法律法规数据库),2026-03-27,2021-01-28,2021-01-28,法律法规文本（公开法律文本整合）,03a28ea20c25dac1,p2_1774612796,DLC/山东地方法规/地方性法规/山东/青岛市物业管理条例(2021-01-28).md
https://raw.githubusercontent.com/LawRefBook/Laws/master/DLC/北京地方法规/地方性法规/北京/北京市食品安全条例.md,北京市食品安全条例,LawRefBook (来源声明：国家法律法规数据库),2026-03-27,0000-00-00,,法律法规文本（公开法律文本整合）,1620250d1e3a7955,p2_1774612796,DLC/北京地方法规/地方性法规/北京/北京市食品安全条例.md
https://raw.githubusercontent.com/LawRefBook/Laws/master/行政法/水污染防治法(2017-06-27).md,中华人民共和国水污染防治法,LawRefBook (来源声明：国家法律法规数据库),2026-03-27,2017-06-27,2017-06-27,法律法规文本（公开法律文本整合）,abf129864456fc54,p2_1774612796,行政法/水污染防治法(2017-06-27).md
https://raw.githubusercontent.com/LawRefBook/Laws/master/司法解释/最高人民法院关于适用《民法典》有关担保制度的解释(2020-12-31).md,最高人民法院关于适用《中华人民共和国民法典》有关担保制度的解释,LawRefBook (来源声明：国家法律法规数据库),2026-03-27,2020-12-31,2020-12-31,法律法规文本（公开法律文本整合）,d2cba46e1916ac4f,p2_1774612796,司法解释/最高人民法院关于适用《民法典》有关担保制度的解释(2020-12-31).md
https://raw.githubusercontent.com/LawRefBook/Laws/master/DLC/上海地方法规/地方性法规/上海/上海市未成年人保护条例(2024-12-31).md,上海市未成年人保护条例,LawRefBook (来源声明：国家法律法规数据库),2026-03-27,2024-12-31,2024-12-31,法律法规文本（公开法律文本整合）,9158a551971358d0,p2_1774612796,DLC/上海地方法规/地方性法规/上海/上海市未成年人保护条例(2024-12-31).md
https://raw.githubusercontent.com/LawRefBook/Laws/master/宪法相关法/澳门特别行政区基本法(1993-03-31).md,中华人民共和国澳门特别行政区基本法,LawRefBook (来源声明：国家法律法规数据库),2026-03-27,1993-03-31,1993-03-31,法律法规文本（公开法律文本整合）,1f4dd0e904453219,p2_1774612796,宪法相关法/澳门特别行政区基本法(1993-03-31).md
https://raw.githubusercontent.com/LawRefBook/Laws/master/宪法相关法/反恐怖主义法(2018-04-27).md,中华人民共和国反恐怖主义法,LawRefBook (来源声明：国家法律法规数据库),2026-03-27,2018-04-27,2018-04-27,法律法规文本（公开法律文本整合）,1536624c65744db5,p2_1774612796,宪法相关法/反恐怖主义法(2018-04-27).md
https://raw.githubusercontent.com/LawRefBook/Laws/master/行政法规/道路交通安全法实施条例(2017-10-07).md,中华人民共和国道路交通安全法实施条例,LawRefBook (来源声明：国家法律法规数据库),2026-03-27,2017-10-07,2017-10-07,法律法规文本（公开法律文本整合）,19d797596b022a31,p2_1774612796,行政法规/道路交通安全法实施条例(2017-10-07).md
https://raw.githubusercontent.com/LawRefBook/Laws/master/行政法规/期货交易管理条例(2017-03-01).md,期货交易管理条例,LawRefBook (来源声明：国家法律法规数据库),2026-03-27,2017-03-01,2017-03-01,法律法规文本（公开法律文本整合）,68fdf54cbd8a7336,p2_1774612796,行政法规/期货交易管理条例(2017-03-01).md
https://raw.githubusercontent.com/LawRefBook/Laws/master/DLC/重庆地方法规/地方性法规/重庆/重庆市道路运输管理条例(2021-11-25).md,重庆市道路运输管理条例,LawRefBook (来源声明：国家法律法规数据库),2026-03-27,2021-11-25,2021-11-25,法律法规文本（公开法律文本整合）,64b9720f86650a6e,p2_1774612796,DLC/重庆地方法规/地方性法规/重庆/重庆市道路运输管理条例(2021-11-25).md
https://raw.githubusercontent.com/LawRefBook/Laws/master/DLC/北京地方法规/地方性法规/北京/北京市消防条例.md,北京市消防条例,LawRefBook (来源声明：国家法律法规数据库),2026-03-27,0000-00-00,,法律法规文本（公开法律文本整合）,b34443b89ab7292a,p2_1774612796,DLC/北京地方法规/地方性法规/北京/北京市消防条例.md
https://raw.githubusercontent.com/LawRefBook/Laws/master/DLC/重庆地方法规/地方性法规/重庆/重庆市优化营商环境条例(2021-03-31).md,重庆市优化营商环境条例,LawRefBook (来源声明：国家法律法规数据库),2026-03-27,2021-03-31,2021-03-31,法律法规文本（公开法律文本整合）,0432ce0feca6169d,p2_1774612796,DLC/重庆地方法规/地方性法规/重庆/重庆市优化营商环境条例(2021-03-31).md
https://raw.githubusercontent.com/LawRefBook/Laws/master/部门规章/市场监督管理总局/医疗器械注册与备案管理办法(2021-08-26).md,医疗器械注册与备案管理办法,LawRefBook (来源声明：国家法律法规数据库),2026-03-27,2021-08-26,2021-08-26,法律法规文本（公开法律文本整合）,1b44712bab2fe896,p2_1774612796,部门规章/市场监督管理总局/医疗器械注册与备案管理办法(2021-08-26).md
https://raw.githubusercontent.com/LawRefBook/Laws/master/民法商法/企业破产法(2006-08-27).md,中华人民共和国企业破产法,LawRefBook (来源声明：国家法律法规数据库),2026-03-27,2006-08-27,2006-08-27,法律法规文本（公开法律文本整合）,0ac44e70f94aceca,p2_1774612796,民法商法/企业破产法(2006-08-27).md
https://raw.githubusercontent.com/LawRefBook/Laws/master/DLC/山东地方法规/地方性法规/山东/潍坊市物业管理条例(2022-01-21).md,潍坊市物业管理条例,LawRefBook (来源声明：国家法律法规数据库),2026-03-27,2022-01-21,2022-01-21,法律法规文本（公开法律文本整合）,8039b95a38f7e8a1,p2_1774612796,DLC/山东地方法规/地方性法规/山东/潍坊市物业管理条例(2022-01-21).md
https://raw.githubusercontent.com/LawRefBook/Laws/master/DLC/广东地方法规/地方性法规/广东/广东省水污染防治条例(2021-09-29).md,广东省水污染防治条例,LawRefBook (来源声明：国家法律法规数据库),2026-03-27,2021-09-29,2021-09-29,法律法规文本（公开法律文本整合）,79270831790ba8d2,p2_1774612796,DLC/广东地方法规/地方性法规/广东/广东省水污染防治条例(2021-09-29).md
https://raw.githubusercontent.com/LawRefBook/Laws/master/DLC/浙江地方法规/地方性法规/浙江/宁波市国土空间规划条例(2021-06-11).md,宁波市国土空间规划条例,LawRefBook (来源声明：国家法律法规数据库),2026-03-27,2021-06-11,2021-06-11,法律法规文本（公开法律文本整合）,b08304a256cb09bc,p2_1774612796,DLC/浙江地方法规/地方性法规/浙江/宁波市国土空间规划条例(2021-06-11).md
https://raw.githubusercontent.com/LawRefBook/Laws/master/经济法/预算法(2018-12-29).md,中华人民共和国预算法,LawRefBook (来源声明：国家法律法规数据库),2026-03-27,2018-12-29,2018-12-29,法律法规文本（公开法律文本整合）,1fb5bf4248144647,p2_1774612796,经济法/预算法(2018-12-29).md
https://raw.githubusercontent.com/LawRefBook/Laws/master/经济法/种子法(2021-12-24).md,中华人民共和国种子法,LawRefBook (来源声明：国家法律法规数据库),2026-03-27,2021-12-24,2021-12-24,法律法规文本（公开法律文本整合）,ecece1fdee1739b9,p2_1774612796,经济法/种子法(2021-12-24).md
https://raw.githubusercontent.com/LawRefBook/Laws/master/DLC/河南地方法规/地方性法规/河南/河南省大气污染防治条例.md,河南省大气污染防治条例,LawRefBook (来源声明：国家法律法规数据库),2026-03-27,0000-00-00,,法律法规文本（公开法律文本整合）,57baa283eb7c1bf2,p2_1774612796,DLC/河南地方法规/地方性法规/河南/河南省大气污染防治条例.md
https://raw.githubusercontent.com/LawRefBook/Laws/master/DLC/山东地方法规/地方性法规/山东/山东省安全生产条例(2021-12-03).md,山东省安全生产条例,LawRefBook (来源声明：国家法律法规数据库),2026-03-27,2021-12-03,2021-12-03,法律法规文本（公开法律文本整合）,6422b100d964c229,p2_1774612796,DLC/山东地方法规/地方性法规/山东/山东省安全生产条例(2021-12-03).md
https://raw.githubusercontent.com/LawRefBook/Laws/master/司法解释/人民检察院民事诉讼监督规则（试行）(2013-11-18).md,人民检察院民事诉讼监督规则（试行）,LawRefBook (来源声明：国家法律法规数据库),2026-03-27,2013-11-18,2013-11-18,法律法规文本（公开法律文本整合）,59aff6de462358eb,p2_1774612796,司法解释/人民检察院民事诉讼监督规则（试行）(2013-11-18).md
https://raw.githubusercontent.com/LawRefBook/Laws/master/DLC/河南地方法规/地方性法规/河南/河南省优化营商环境条例(2020-11-28).md,河南省优化营商环境条例,LawRefBook (来源声明：国家法律法规数据库),2026-03-27,2020-11-28,2020-11-28,法律法规文本（公开法律文本整合）,a0cd672e55539ed8,p2_1774612796,DLC/河南地方法规/地方性法规/河南/河南省优化营商环境条例(2020-11-28).md
https://raw.githubusercontent.com/LawRefBook/Laws/master/行政法/土壤污染防治法(2018-08-31).md,中华人民共和国土壤污染防治法,LawRefBook (来源声明：国家法律法规数据库),2026-03-27,2018-08-31,2018-08-31,法律法规文本（公开法律文本整合）,36c1019b86fc6899,p2_1774612796,行政法/土壤污染防治法(2018-08-31).md
https://raw.githubusercontent.com/LawRefBook/Laws/master/行政法规/国境卫生检疫法实施细则(2019-03-02).md,中华人民共和国国境卫生检疫法实施细则,LawRefBook (来源声明：国家法律法规数据库),2026-03-27,2019-03-02,2019-03-02,法律法规文本（公开法律文本整合）,f2ee54dccc7ba82f,p2_1774612796,行政法规/国境卫生检疫法实施细则(2019-03-02).md
https://raw.githubusercontent.com/LawRefBook/Laws/master/社会法/职业病防治法(2018-12-29).md,中华人民共和国职业病防治法,LawRefBook (来源声明：国家法律法规数据库),2026-03-27,2018-12-29,2018-12-29,法律法规文本（公开法律文本整合）,dc5ede63a5a37bc1,p2_1774612796,社会法/职业病防治法(2018-12-29).md
https://raw.githubusercontent.com/LawRefBook/Laws/master/经济法/职业病防治法(2018-12-29).md,中华人民共和国职业病防治法,LawRefBook (来源声明：国家法律法规数据库),2026-03-27,2018-12-29,2018-12-29,法律法规文本（公开法律文本整合）,ce5b85bc36e96d72,p2_1774612796,经济法/职业病防治法(2018-12-29).md
https://raw.githubusercontent.com/LawRefBook/Laws/master/行政法/治安管理处罚法(2012-10-26).md,中华人民共和国治安管理处罚法,LawRefBook (来源声明：国家法律法规数据库),2026-03-27,2012-10-26,2012-10-26,法律法规文本（公开法律文本整合）,dcf3ee39da875f94,p2_1774612796,行政法/治安管理处罚法(2012-10-26).md
https://raw.githubusercontent.com/LawRefBook/Laws/master/行政法规/麻醉药品和精神药品管理条例(2024-12-06).md,麻醉药品和精神药品管理条例,LawRefBook (来源声明：国家法律法规数据库),2026-03-27,2024-12-06,2024-12-06,法律法规文本（公开法律文本整合）,55bc5e1b8bb268d9,p2_1774612796,行政法规/麻醉药品和精神药品管理条例(2024-12-06).md
https://raw.githubusercontent.com/LawRefBook/Laws/master/DLC/北京地方法规/地方性法规/北京/北京市优化营商环境条例(2024-11-29).md,北京市优化营商环境条例,LawRefBook (来源声明：国家法律法规数据库),2026-03-27,2024-11-29,2024-11-29,法律法规文本（公开法律文本整合）,69b195b488b3d880,p2_1774612796,DLC/北京地方法规/地方性法规/北京/北京市优化营商环境条例(2024-11-29).md
https://raw.githubusercontent.com/LawRefBook/Laws/master/DLC/浙江地方法规/地方性法规/浙江/绍兴市物业管理条例(2020-12-04).md,绍兴市物业管理条例,LawRefBook (来源声明：国家法律法规数据库),2026-03-27,2020-12-04,2020-12-04,法律法规文本（公开法律文本整合）,b21853c2152908bc,p2_1774612796,DLC/浙江地方法规/地方性法规/浙江/绍兴市物业管理条例(2020-12-04).md
https://raw.githubusercontent.com/LawRefBook/Laws/master/DLC/北京地方法规/地方性法规/北京/北京市生活垃圾管理条例(2020-09-25).md,北京市生活垃圾管理条例,LawRefBook (来源声明：国家法律法规数据库),2026-03-27,2020-09-25,2020-09-25,法律法规文本（公开法律文本整合）,232137f3fb944a5a,p2_1774612796,DLC/北京地方法规/地方性法规/北京/北京市生活垃圾管理条例(2020-09-25).md
https://raw.githubusercontent.com/LawRefBook/Laws/master/DLC/广东地方法规/地方性法规/广东/广东省大气污染防治条例(2022-11-30).md,广东省大气污染防治条例,LawRefBook (来源声明：国家法律法规数据库),2026-03-27,2022-11-30,2022-11-30,法律法规文本（公开法律文本整合）,adb5dfad09231f68,p2_1774612796,DLC/广东地方法规/地方性法规/广东/广东省大气污染防治条例(2022-11-30).md
https://raw.githubusercontent.com/LawRefBook/Laws/master/社会法/特种设备安全法(2013-06-29).md,中华人民共和国特种设备安全法,LawRefBook (来源声明：国家法律法规数据库),2026-03-27,2013-06-29,2013-06-29,法律法规文本（公开法律文本整合）,d3c204f72a0b8e2f,p2_1774612796,社会法/特种设备安全法(2013-06-29).md
https://raw.githubusercontent.com/LawRefBook/Laws/master/社会法/慈善法(2023-12-29).md,中华人民共和国慈善法,LawRefBook (来源声明：国家法律法规数据库),2026-03-27,2023-12-29,2023-12-29,法律法规文本（公开法律文本整合）,e72c8405854067cf,p2_1774612796,社会法/慈善法(2023-12-29).md
https://raw.githubusercontent.com/LawRefBook/Laws/master/DLC/上海地方法规/地方性法规/上海/上海市预算审查监督条例(2021-09-28).md,上海市预算审查监督条例,LawRefBook (来源声明：国家法律法规数据库),2026-03-27,2021-09-28,2021-09-28,法律法规文本（公开法律文本整合）,719e55a7dd195faf,p2_1774612796,DLC/上海地方法规/地方性法规/上海/上海市预算审查监督条例(2021-09-28).md
https://raw.githubusercontent.com/LawRefBook/Laws/master/DLC/上海地方法规/地方性法规/上海/上海市道路交通管理条例.md,上海市道路交通管理条例,LawRefBook (来源声明：国家法律法规数据库),2026-03-27,0000-00-00,,法律法规文本（公开法律文本整合）,01b8192fb0979404,p2_1774612796,DLC/上海地方法规/地方性法规/上海/上海市道路交通管理条例.md
https://raw.githubusercontent.com/LawRefBook/Laws/master/DLC/北京地方法规/地方性法规/北京/北京市城乡规划条例(2021-09-24).md,北京市城乡规划条例,LawRefBook (来源声明：国家法律法规数据库),2026-03-27,2021-09-24,2021-09-24,法律法规文本（公开法律文本整合）,6df470b05207df9f,p2_1774612796,DLC/北京地方法规/地方性法规/北京/北京市城乡规划条例(2021-09-24).md
https://raw.githubusercontent.com/LawRefBook/Laws/master/DLC/浙江地方法规/地方性法规/浙江/台州市物业管理条例(2021-04-06).md,台州市物业管理条例,LawRefBook (来源声明：国家法律法规数据库),2026-03-27,2021-04-06,2021-04-06,法律法规文本（公开法律文本整合）,661abc41ec6fb70c,p2_1774612796,DLC/浙江地方法规/地方性法规/浙江/台州市物业管理条例(2021-04-06).md
https://raw.githubusercontent.com/LawRefBook/Laws/master/行政法规/商标法实施条例(2014-04-29).md,中华人民共和国商标法实施条例,LawRefBook (来源声明：国家法律法规数据库),2026-03-27,2014-04-29,2014-04-29,法律法规文本（公开法律文本整合）,e6544bb87443a406,p2_1774612796,行政法规/商标法实施条例(2014-04-29).md
https://raw.githubusercontent.com/LawRefBook/Laws/master/DLC/上海地方法规/地方性法规/上海/上海市公共卫生应急管理条例(2020-10-27).md,上海市公共卫生应急管理条例,LawRefBook (来源声明：国家法律法规数据库),2026-03-27,2020-10-27,2020-10-27,法律法规文本（公开法律文本整合）,1e83bbab875094f7,p2_1774612796,DLC/上海地方法规/地方性法规/上海/上海市公共卫生应急管理条例(2020-10-27).md
https://raw.githubusercontent.com/LawRefBook/Laws/master/行政法规/证券公司监督管理条例(2014-07-29).md,证券公司监督管理条例,LawRefBook (来源声明：国家法律法规数据库),2026-03-27,2014-07-29,2014-07-29,法律法规文本（公开法律文本整合）,2fb30977c205336b,p2_1774612796,行政法规/证券公司监督管理条例(2014-07-29).md
https://raw.githubusercontent.com/LawRefBook/Laws/master/行政法/传染病防治法(2013-06-29).md,中华人民共和国传染病防治法,LawRefBook (来源声明：国家法律法规数据库),2026-03-27,2013-06-29,2013-06-29,法律法规文本（公开法律文本整合）,01667fef776519c9,p2_1774612796,行政法/传染病防治法(2013-06-29).md
https://raw.githubusercontent.com/LawRefBook/Laws/master/DLC/河南地方法规/地方性法规/河南/郑州市城乡规划管理条例.md,郑州市城乡规划管理条例,LawRefBook (来源声明：国家法律法规数据库),2026-03-27,0000-00-00,,法律法规文本（公开法律文本整合）,cd19ab568d368801,p2_1774612796,DLC/河南地方法规/地方性法规/河南/郑州市城乡规划管理条例.md
https://raw.githubusercontent.com/LawRefBook/Laws/master/DLC/河南地方法规/地方性法规/河南/郑州市物业管理条例(2007-12-14).md,郑州市物业管理条例,LawRefBook (来源声明：国家法律法规数据库),2026-03-27,2007-12-14,2007-12-14,法律法规文本（公开法律文本整合）,bb539cf0cb90affb,p2_1774612796,DLC/河南地方法规/地方性法规/河南/郑州市物业管理条例(2007-12-14).md
https://raw.githubusercontent.com/LawRefBook/Laws/master/行政法/土地管理法(2019-08-26).md,中华人民共和国土地管理法,LawRefBook (来源声明：国家法律法规数据库),2026-03-27,2019-08-26,2019-08-26,法律法规文本（公开法律文本整合）,6450e52519f582b1,p2_1774612796,行政法/土地管理法(2019-08-26).md
https://raw.githubusercontent.com/LawRefBook/Laws/master/经济法/农业法(2012-12-28).md,中华人民共和国农业法,LawRefBook (来源声明：国家法律法规数据库),2026-03-27,2012-12-28,2012-12-28,法律法规文本（公开法律文本整合）,179e89ba26cb1206,p2_1774612796,经济法/农业法(2012-12-28).md
https://raw.githubusercontent.com/LawRefBook/Laws/master/行政法/基本医疗卫生与健康促进法(2019-12-28).md,中华人民共和国基本医疗卫生与健康促进法,LawRefBook (来源声明：国家法律法规数据库),2026-03-27,2019-12-28,2019-12-28,法律法规文本（公开法律文本整合）,424894231cd061b3,p2_1774612796,行政法/基本医疗卫生与健康促进法(2019-12-28).md
https://raw.githubusercontent.com/LawRefBook/Laws/master/行政法规/化妆品监督管理条例(2020-06-16).md,化妆品监督管理条例,LawRefBook (来源声明：国家法律法规数据库),2026-03-27,2020-06-16,2020-06-16,法律法规文本（公开法律文本整合）,db9c9a1f368c91c4,p2_1774612796,行政法规/化妆品监督管理条例(2020-06-16).md
https://raw.githubusercontent.com/LawRefBook/Laws/master/DLC/山东地方法规/地方性法规/山东/日照市城市管理条例(2017-08-02).md,日照市城市管理条例,LawRefBook (来源声明：国家法律法规数据库),2026-03-27,2017-08-02,2017-08-02,法律法规文本（公开法律文本整合）,b223dff62e5691d9,p2_1774612796,DLC/山东地方法规/地方性法规/山东/日照市城市管理条例(2017-08-02).md
https://raw.githubusercontent.com/LawRefBook/Laws/master/DLC/浙江地方法规/地方性法规/浙江/丽水市物业管理条例(2019-04-08).md,丽水市物业管理条例,LawRefBook (来源声明：国家法律法规数据库),2026-03-27,2019-04-08,2019-04-08,法律法规文本（公开法律文本整合）,d464ff2e37aee922,p2_1774612796,DLC/浙江地方法规/地方性法规/浙江/丽水市物业管理条例(2019-04-08).md
https://raw.githubusercontent.com/LawRefBook/Laws/master/经济法/野生动物保护法(2022-12-30).md,中华人民共和国野生动物保护法,LawRefBook (来源声明：国家法律法规数据库),2026-03-27,2022-12-30,2022-12-30,法律法规文本（公开法律文本整合）,e58323fbc2e43d9f,p2_1774612796,经济法/野生动物保护法(2022-12-30).md
https://raw.githubusercontent.com/LawRefBook/Laws/master/诉讼与非诉讼程序法/行政复议法(2023-09-01).md,中华人民共和国行政复议法,LawRefBook (来源声明：国家法律法规数据库),2026-03-27,2023-09-01,2023-09-01,法律法规文本（公开法律文本整合）,8a0fadb076bb5727,p2_1774612796,诉讼与非诉讼程序法/行政复议法(2023-09-01).md
https://raw.githubusercontent.com/LawRefBook/Laws/master/行政法/核安全法(2017-09-01).md,中华人民共和国核安全法,LawRefBook (来源声明：国家法律法规数据库),2026-03-27,2017-09-01,2017-09-01,法律法规文本（公开法律文本整合）,8bb207094d9713a5,p2_1774612796,行政法/核安全法(2017-09-01).md
https://raw.githubusercontent.com/LawRefBook/Laws/master/行政法规/税收征收管理法实施细则(2016-02-06).md,中华人民共和国税收征收管理法实施细则,LawRefBook (来源声明：国家法律法规数据库),2026-03-27,2016-02-06,2016-02-06,法律法规文本（公开法律文本整合）,b4221076a0752aa0,p2_1774612796,行政法规/税收征收管理法实施细则(2016-02-06).md
https://raw.githubusercontent.com/LawRefBook/Laws/master/行政法规/病原微生物实验室生物安全管理条例(2024-12-06).md,病原微生物实验室生物安全管理条例,LawRefBook (来源声明：国家法律法规数据库),2026-03-27,2024-12-06,2024-12-06,法律法规文本（公开法律文本整合）,a0b0a21806c6c930,p2_1774612796,行政法规/病原微生物实验室生物安全管理条例(2024-12-06).md
https://raw.githubusercontent.com/LawRefBook/Laws/master/DLC/山东地方法规/地方性法规/山东/济南市历史文化名城保护条例(2020-09-25).md,济南市历史文化名城保护条例,LawRefBook (来源声明：国家法律法规数据库),2026-03-27,2020-09-25,2020-09-25,法律法规文本（公开法律文本整合）,9e20afedbe38f88c,p2_1774612796,DLC/山东地方法规/地方性法规/山东/济南市历史文化名城保护条例(2020-09-25).md
https://raw.githubusercontent.com/LawRefBook/Laws/master/DLC/山东地方法规/地方性法规/山东/山东省水污染防治条例(2020-11-27).md,山东省水污染防治条例,LawRefBook (来源声明：国家法律法规数据库),2026-03-27,2020-11-27,2020-11-27,法律法规文本（公开法律文本整合）,123638aadb10de74,p2_1774612796,DLC/山东地方法规/地方性法规/山东/山东省水污染防治条例(2020-11-27).md
https://raw.githubusercontent.com/LawRefBook/Laws/master/DLC/河南地方法规/地方性法规/河南/河南省水污染防治条例(2019-06-05).md,河南省水污染防治条例,LawRefBook (来源声明：国家法律法规数据库),2026-03-27,2019-06-05,2019-06-05,法律法规文本（公开法律文本整合）,31052771cf3cdb4b,p2_1774612796,DLC/河南地方法规/地方性法规/河南/河南省水污染防治条例(2019-06-05).md
https://raw.githubusercontent.com/LawRefBook/Laws/master/行政法规/铁路安全管理条例(2013-08-17).md,铁路安全管理条例,LawRefBook (来源声明：国家法律法规数据库),2026-03-27,2013-08-17,2013-08-17,法律法规文本（公开法律文本整合）,f08056201709e0f3,p2_1774612796,行政法规/铁路安全管理条例(2013-08-17).md
https://raw.githubusercontent.com/LawRefBook/Laws/master/部门规章/公安部/交通警察道路执勤执法工作规范(2018-01-25).md,交通警察道路执勤执法工作规范,LawRefBook (来源声明：国家法律法规数据库),2026-03-27,2018-01-25,2018-01-25,法律法规文本（公开法律文本整合）,3de3c102c61f83d4,p2_1774612796,部门规章/公安部/交通警察道路执勤执法工作规范(2018-01-25).md
https://raw.githubusercontent.com/LawRefBook/Laws/master/经济法/农产品质量安全法(2022-09-02).md,中华人民共和国农产品质量安全法,LawRefBook (来源声明：国家法律法规数据库),2026-03-27,2022-09-02,2022-09-02,法律法规文本（公开法律文本整合）,057f3630c84c2399,p2_1774612796,经济法/农产品质量安全法(2022-09-02).md
https://raw.githubusercontent.com/LawRefBook/Laws/master/DLC/山东地方法规/地方性法规/山东/山东省信访条例(2015-09-24).md,山东省信访条例,LawRefBook (来源声明：国家法律法规数据库),2026-03-27,2015-09-24,2015-09-24,法律法规文本（公开法律文本整合）,a5c4186f7b7521f1,p2_1774612796,DLC/山东地方法规/地方性法规/山东/山东省信访条例(2015-09-24).md
https://raw.githubusercontent.com/LawRefBook/Laws/master/行政法/防震减灾法(2008-12-27).md,中华人民共和国防震减灾法,LawRefBook (来源声明：国家法律法规数据库),2026-03-27,2008-12-27,2008-12-27,法律法规文本（公开法律文本整合）,4cf63f51dc9981b3,p2_1774612796,行政法/防震减灾法(2008-12-27).md
https://raw.githubusercontent.com/LawRefBook/Laws/master/DLC/北京地方法规/地方性法规/北京/北京市建设工程质量条例.md,北京市建设工程质量条例,LawRefBook (来源声明：国家法律法规数据库),2026-03-27,0000-00-00,,法律法规文本（公开法律文本整合）,592adb835abc66e6,p2_1774612796,DLC/北京地方法规/地方性法规/北京/北京市建设工程质量条例.md
https://raw.githubusercontent.com/LawRefBook/Laws/master/DLC/浙江地方法规/地方性法规/浙江/宁波市城市房屋使用安全管理条例(2015-08-25).md,宁波市城市房屋使用安全管理条例,LawRefBook (来源声明：国家法律法规数据库),2026-03-27,2015-08-25,2015-08-25,法律法规文本（公开法律文本整合）,1c97079ac9905ff2,p2_1774612796,DLC/浙江地方法规/地方性法规/浙江/宁波市城市房屋使用安全管理条例(2015-08-25).md
https://raw.githubusercontent.com/LawRefBook/Laws/master/行政法/海关法(2021-04-29).md,中华人民共和国海关法,LawRefBook (来源声明：国家法律法规数据库),2026-03-27,2021-04-29,2021-04-29,法律法规文本（公开法律文本整合）,a845875ef5abda97,p2_1774612796,行政法/海关法(2021-04-29).md
https://raw.githubusercontent.com/LawRefBook/Laws/master/司法解释/最高人民法院关于民事诉讼证据的若干规定(2019-12-25).md,最高人民法院关于民事诉讼证据的若干规定,LawRefBook (来源声明：国家法律法规数据库),2026-03-27,2019-12-25,2019-12-25,法律法规文本（公开法律文本整合）,730f13e3f5ab3a21,p2_1774612796,司法解释/最高人民法院关于民事诉讼证据的若干规定(2019-12-25).md
https://raw.githubusercontent.com/LawRefBook/Laws/master/经济法/旅游法(2018-10-26).md,中华人民共和国旅游法,LawRefBook (来源声明：国家法律法规数据库),2026-03-27,2018-10-26,2018-10-26,法律法规文本（公开法律文本整合）,3707ef92480aaf7c,p2_1774612796,经济法/旅游法(2018-10-26).md
https://raw.githubusercontent.com/LawRefBook/Laws/master/DLC/北京地方法规/地方性法规/北京/北京市水污染防治条例.md,北京市水污染防治条例,LawRefBook (来源声明：国家法律法规数据库),2026-03-27,0000-00-00,,法律法规文本（公开法律文本整合）,9237601db62d8d54,p2_1774612796,DLC/北京地方法规/地方性法规/北京/北京市水污染防治条例.md
https://raw.githubusercontent.com/LawRefBook/Laws/master/行政法/生物安全法(2024-04-26).md,中华人民共和国生物安全法,LawRefBook (来源声明：国家法律法规数据库),2026-03-27,2024-04-26,2024-04-26,法律法规文本（公开法律文本整合）,8e326c715262497b,p2_1774612796,行政法/生物安全法(2024-04-26).md
https://raw.githubusercontent.com/LawRefBook/Laws/master/DLC/河南地方法规/地方性法规/河南/河南省安全生产条例(2010-07-30).md,河南省安全生产条例,LawRefBook (来源声明：国家法律法规数据库),2026-03-27,2010-07-30,2010-07-30,法律法规文本（公开法律文本整合）,33484d098c1d2841,p2_1774612796,DLC/河南地方法规/地方性法规/河南/河南省安全生产条例(2010-07-30).md
https://raw.githubusercontent.com/LawRefBook/Laws/master/DLC/上海地方法规/地方性法规/上海/上海市安全生产条例(2018-05-24).md,上海市安全生产条例,LawRefBook (来源声明：国家法律法规数据库),2026-03-27,2018-05-24,2018-05-24,法律法规文本（公开法律文本整合）,b0bf49d6a92f8e40,p2_1774612796,DLC/上海地方法规/地方性法规/上海/上海市安全生产条例(2018-05-24).md
https://raw.githubusercontent.com/LawRefBook/Laws/master/DLC/浙江地方法规/地方性法规/浙江/浙江省土地管理条例(2021-09-30).md,浙江省土地管理条例,LawRefBook (来源声明：国家法律法规数据库),2026-03-27,2021-09-30,2021-09-30,法律法规文本（公开法律文本整合）,a6b7f1bdb196df15,p2_1774612796,DLC/浙江地方法规/地方性法规/浙江/浙江省土地管理条例(2021-09-30).md
https://raw.githubusercontent.com/LawRefBook/Laws/master/DLC/北京地方法规/地方性法规/北京/北京市突发公共卫生事件应急条例(2020-09-25).md,北京市突发公共卫生事件应急条例,LawRefBook (来源声明：国家法律法规数据库),2026-03-27,2020-09-25,2020-09-25,法律法规文本（公开法律文本整合）,a32ca0ff88f873cb,p2_1774612796,DLC/北京地方法规/地方性法规/北京/北京市突发公共卫生事件应急条例(2020-09-25).md
https://raw.githubusercontent.com/LawRefBook/Laws/master/行政法规/预算法实施条例(2020-08-03).md,中华人民共和国预算法实施条例,LawRefBook (来源声明：国家法律法规数据库),2026-03-27,2020-08-03,2020-08-03,法律法规文本（公开法律文本整合）,c5c5bac2969e0fcb,p2_1774612796,行政法规/预算法实施条例(2020-08-03).md
https://raw.githubusercontent.com/LawRefBook/Laws/master/行政法规/股票发行与交易管理暂行条例(1993-04-22).md,股票发行与交易管理暂行条例,LawRefBook (来源声明：国家法律法规数据库),2026-03-27,1993-04-22,1993-04-22,法律法规文本（公开法律文本整合）,25105fefc9afbc66,p2_1774612796,行政法规/股票发行与交易管理暂行条例(1993-04-22).md
https://raw.githubusercontent.com/LawRefBook/Laws/master/DLC/北京地方法规/地方性法规/北京/北京市燃气管理条例(2020-09-25).md,北京市燃气管理条例,LawRefBook (来源声明：国家法律法规数据库),2026-03-27,2020-09-25,2020-09-25,法律法规文本（公开法律文本整合）,b634312524677e40,p2_1774612796,DLC/北京地方法规/地方性法规/北京/北京市燃气管理条例(2020-09-25).md
https://raw.githubusercontent.com/LawRefBook/Laws/master/行政法/出境入境管理法(2012-06-30).md,中华人民共和国出境入境管理法,LawRefBook (来源声明：国家法律法规数据库),2026-03-27,2012-06-30,2012-06-30,法律法规文本（公开法律文本整合）,8d5f5f6a12fe509d,p2_1774612796,行政法/出境入境管理法(2012-06-30).md
https://raw.githubusercontent.com/LawRefBook/Laws/master/行政法规/煤矿安全生产条例(2024-01-24).md,煤矿安全生产条例,LawRefBook (来源声明：国家法律法规数据库),2026-03-27,2024-01-24,2024-01-24,法律法规文本（公开法律文本整合）,4743af2bf755862c,p2_1774612796,行政法规/煤矿安全生产条例(2024-01-24).md
https://raw.githubusercontent.com/LawRefBook/Laws/master/DLC/北京地方法规/地方性法规/北京/北京市未成年人保护条例(2023-05-26).md,北京市未成年人保护条例,LawRefBook (来源声明：国家法律法规数据库),2026-03-27,2023-05-26,2023-05-26,法律法规文本（公开法律文本整合）,9f27e886044191b7,p2_1774612796,DLC/北京地方法规/地方性法规/北京/北京市未成年人保护条例(2023-05-26).md
https://raw.githubusercontent.com/LawRefBook/Laws/master/DLC/广东地方法规/地方性法规/广东/广州市流溪河流域保护条例(2021-06-15).md,广州市流溪河流域保护条例,LawRefBook (来源声明：国家法律法规数据库),2026-03-27,2021-06-15,2021-06-15,法律法规文本（公开法律文本整合）,3cb8491d699b94d4,p2_1774612796,DLC/广东地方法规/地方性法规/广东/广州市流溪河流域保护条例(2021-06-15).md
https://raw.githubusercontent.com/LawRefBook/Laws/master/司法解释/最高人民法院关于适用《担保法》若干问题的解释(2000-12-08).md,最高人民法院关于适用《中华人民共和国担保法》若干问题的解释,LawRefBook (来源声明：国家法律法规数据库),2026-03-27,2000-12-08,2000-12-08,法律法规文本（公开法律文本整合）,dc5c46d6e3e4a74f,p2_1774612796,司法解释/最高人民法院关于适用《担保法》若干问题的解释(2000-12-08).md
https://raw.githubusercontent.com/LawRefBook/Laws/master/司法解释/最高人民法院关于审理企业破产案件若干问题的规定(2002-07-30).md,最高人民法院关于审理企业破产案件若干问题的规定,LawRefBook (来源声明：国家法律法规数据库),2026-03-27,2002-07-30,2002-07-30,法律法规文本（公开法律文本整合）,75010348d6575ea5,p2_1774612796,司法解释/最高人民法院关于审理企业破产案件若干问题的规定(2002-07-30).md
https://raw.githubusercontent.com/LawRefBook/Laws/master/DLC/上海地方法规/地方性法规/上海/上海市消防条例(2020-03-19).md,上海市消防条例,LawRefBook (来源声明：国家法律法规数据库),2026-03-27,2020-03-19,2020-03-19,法律法规文本（公开法律文本整合）,4fe3a43f8410ff55,p2_1774612796,DLC/上海地方法规/地方性法规/上海/上海市消防条例(2020-03-19).md
https://raw.githubusercontent.com/LawRefBook/Laws/master/行政法规/保守国家秘密法实施条例(2024-07-10).md,中华人民共和国保守国家秘密法实施条例,LawRefBook (来源声明：国家法律法规数据库),2026-03-27,2024-07-10,2024-07-10,法律法规文本（公开法律文本整合）,92e6d165b382acf0,p2_1774612796,行政法规/保守国家秘密法实施条例(2024-07-10).md
https://raw.githubusercontent.com/LawRefBook/Laws/master/DLC/山东地方法规/地方性法规/山东/山东省物业管理条例(2021-12-03).md,山东省物业管理条例,LawRefBook (来源声明：国家法律法规数据库),2026-03-27,2021-12-03,2021-12-03,法律法规文本（公开法律文本整合）,ed4952fc23b0b16e,p2_1774612796,DLC/山东地方法规/地方性法规/山东/山东省物业管理条例(2021-12-03).md
https://raw.githubusercontent.com/LawRefBook/Laws/master/DLC/浙江地方法规/地方性法规/浙江/浙江省大气污染防治条例(2020-11-27).md,浙江省大气污染防治条例,LawRefBook (来源声明：国家法律法规数据库),2026-03-27,2020-11-27,2020-11-27,法律法规文本（公开法律文本整合）,1393259d6addc010,p2_1774612796,DLC/浙江地方法规/地方性法规/浙江/浙江省大气污染防治条例(2020-11-27).md
https://raw.githubusercontent.com/LawRefBook/Laws/master/DLC/上海地方法规/地方性法规/上海/上海市数据条例(2021-11-25).md,上海市数据条例,LawRefBook (来源声明：国家法律法规数据库),2026-03-27,2021-11-25,2021-11-25,法律法规文本（公开法律文本整合）,0c94dbea97a636a0,p2_1774612796,DLC/上海地方法规/地方性法规/上海/上海市数据条例(2021-11-25).md
https://raw.githubusercontent.com/LawRefBook/Laws/master/DLC/山东地方法规/地方性法规/山东/聊城市道路交通安全条例(2021-12-03).md,聊城市道路交通安全条例,LawRefBook (来源声明：国家法律法规数据库),2026-03-27,2021-12-03,2021-12-03,法律法规文本（公开法律文本整合）,c75afcb437fb4d22,p2_1774612796,DLC/山东地方法规/地方性法规/山东/聊城市道路交通安全条例(2021-12-03).md
https://raw.githubusercontent.com/LawRefBook/Laws/master/部门规章/公安部/道路交通安全违法行为处理程序规定(2020-04-30).md,道路交通安全违法行为处理程序规定,LawRefBook (来源声明：国家法律法规数据库),2026-03-27,2020-04-30,2020-04-30,法律法规文本（公开法律文本整合）,e738bc08779a887a,p2_1774612796,部门规章/公安部/道路交通安全违法行为处理程序规定(2020-04-30).md
https://raw.githubusercontent.com/LawRefBook/Laws/master/司法解释/最高人民法院关于审理垄断民事纠纷案件适用法律若干问题的解释(2024-06-24).md,最高人民法院关于审理垄断民事纠纷案件适用法律若干问题的解释,LawRefBook (来源声明：国家法律法规数据库),2026-03-27,2024-06-24,2024-06-24,法律法规文本（公开法律文本整合）,9737fb452df1c6de,p2_1774612796,司法解释/最高人民法院关于审理垄断民事纠纷案件适用法律若干问题的解释(2024-06-24).md
https://raw.githubusercontent.com/LawRefBook/Laws/master/DLC/浙江地方法规/地方性法规/浙江/浙江省道路运输条例(2012-03-31).md,浙江省道路运输条例,LawRefBook (来源声明：国家法律法规数据库),2026-03-27,2012-03-31,2012-03-31,法律法规文本（公开法律文本整合）,07109e046cebff55,p2_1774612796,DLC/浙江地方法规/地方性法规/浙江/浙江省道路运输条例(2012-03-31).md
https://raw.githubusercontent.com/LawRefBook/Laws/master/DLC/山东地方法规/地方性法规/山东/山东省突发事件应急保障条例(2020-11-27).md,山东省突发事件应急保障条例,LawRefBook (来源声明：国家法律法规数据库),2026-03-27,2020-11-27,2020-11-27,法律法规文本（公开法律文本整合）,122d7135fac62071,p2_1774612796,DLC/山东地方法规/地方性法规/山东/山东省突发事件应急保障条例(2020-11-27).md
https://raw.githubusercontent.com/LawRefBook/Laws/master/DLC/上海地方法规/地方性法规/上海/上海市旅游条例(2020-05-14).md,上海市旅游条例,LawRefBook (来源声明：国家法律法规数据库),2026-03-27,2020-05-14,2020-05-14,法律法规文本（公开法律文本整合）,d6e019a314511f04,p2_1774612796,DLC/上海地方法规/地方性法规/上海/上海市旅游条例(2020-05-14).md
https://raw.githubusercontent.com/LawRefBook/Laws/master/DLC/广东地方法规/地方性法规/广东/广东省优化营商环境条例(2022-06-01).md,广东省优化营商环境条例,LawRefBook (来源声明：国家法律法规数据库),2026-03-27,2022-06-01,2022-06-01,法律法规文本（公开法律文本整合）,f9cfefb9b4754b74,p2_1774612796,DLC/广东地方法规/地方性法规/广东/广东省优化营商环境条例(2022-06-01).md
https://raw.githubusercontent.com/LawRefBook/Laws/master/诉讼与非诉讼程序法/海事诉讼特别程序法(1999-12-25).md,中华人民共和国海事诉讼特别程序法,LawRefBook (来源声明：国家法律法规数据库),2026-03-27,1999-12-25,1999-12-25,法律法规文本（公开法律文本整合）,98736da3bfacfef0,p2_1774612796,诉讼与非诉讼程序法/海事诉讼特别程序法(1999-12-25).md
https://raw.githubusercontent.com/LawRefBook/Laws/master/DLC/北京地方法规/地方性法规/北京/北京市实施《突发事件应对法》办法.md,北京市实施《中华人民共和国突发事件应对法》办法,LawRefBook (来源声明：国家法律法规数据库),2026-03-27,0000-00-00,,法律法规文本（公开法律文本整合）,4228d3cb3cfc8e47,p2_1774612796,DLC/北京地方法规/地方性法规/北京/北京市实施《突发事件应对法》办法.md
https://raw.githubusercontent.com/LawRefBook/Laws/master/行政法/公务员法(2018-12-29).md,中华人民共和国公务员法,LawRefBook (来源声明：国家法律法规数据库),2026-03-27,2018-12-29,2018-12-29,法律法规文本（公开法律文本整合）,15dc8118892f7423,p2_1774612796,行政法/公务员法(2018-12-29).md
https://raw.githubusercontent.com/LawRefBook/Laws/master/行政法规/招标投标法实施条例(2019-03-02).md,中华人民共和国招标投标法实施条例,LawRefBook (来源声明：国家法律法规数据库),2026-03-27,2019-03-02,2019-03-02,法律法规文本（公开法律文本整合）,b68e83bb558f14aa,p2_1774612796,行政法规/招标投标法实施条例(2019-03-02).md
https://raw.githubusercontent.com/LawRefBook/Laws/master/DLC/浙江地方法规/地方性法规/浙江/舟山市物业管理条例(2021-11-01).md,舟山市物业管理条例,LawRefBook (来源声明：国家法律法规数据库),2026-03-27,2021-11-01,2021-11-01,法律法规文本（公开法律文本整合）,6dcdb6e618364ad6,p2_1774612796,DLC/浙江地方法规/地方性法规/浙江/舟山市物业管理条例(2021-11-01).md
https://raw.githubusercontent.com/LawRefBook/Laws/master/DLC/广东地方法规/地方性法规/广东/深圳经济特区数据条例(2021-07-06).md,深圳经济特区数据条例,LawRefBook (来源声明：国家法律法规数据库),2026-03-27,2021-07-06,2021-07-06,法律法规文本（公开法律文本整合）,3b1fd53612aab76e,p2_1774612796,DLC/广东地方法规/地方性法规/广东/深圳经济特区数据条例(2021-07-06).md
https://raw.githubusercontent.com/LawRefBook/Laws/master/DLC/山东地方法规/地方性法规/山东/山东省消防条例(2015-07-24).md,山东省消防条例,LawRefBook (来源声明：国家法律法规数据库),2026-03-27,2015-07-24,2015-07-24,法律法规文本（公开法律文本整合）,9876b8eb36b3b63a,p2_1774612796,DLC/山东地方法规/地方性法规/山东/山东省消防条例(2015-07-24).md
https://raw.githubusercontent.com/LawRefBook/Laws/master/DLC/上海地方法规/地方性法规/上海/上海市消费者权益保护条例.md,上海市消费者权益保护条例,LawRefBook (来源声明：国家法律法规数据库),2026-03-27,0000-00-00,,法律法规文本（公开法律文本整合）,00feb7856406b4b9,p2_1774612796,DLC/上海地方法规/地方性法规/上海/上海市消费者权益保护条例.md
https://raw.githubusercontent.com/LawRefBook/Laws/master/DLC/广东地方法规/地方性法规/广东/深圳经济特区中医药条例(2023-01-06).md,深圳经济特区中医药条例,LawRefBook (来源声明：国家法律法规数据库),2026-03-27,2023-01-06,2023-01-06,法律法规文本（公开法律文本整合）,054c352d252caa19,p2_1774612796,DLC/广东地方法规/地方性法规/广东/深圳经济特区中医药条例(2023-01-06).md
https://raw.githubusercontent.com/LawRefBook/Laws/master/经济法/长江保护法(2020-12-26).md,中华人民共和国长江保护法,LawRefBook (来源声明：国家法律法规数据库),2026-03-27,2020-12-26,2020-12-26,法律法规文本（公开法律文本整合）,61d4be1a867ef0b7,p2_1774612796,经济法/长江保护法(2020-12-26).md
https://raw.githubusercontent.com/LawRefBook/Laws/master/DLC/广东地方法规/地方性法规/广东/广州市社会急救医疗管理条例(2023-02-01).md,广州市社会急救医疗管理条例,LawRefBook (来源声明：国家法律法规数据库),2026-03-27,2023-02-01,2023-02-01,法律法规文本（公开法律文本整合）,43c87abb47be7c42,p2_1774612796,DLC/广东地方法规/地方性法规/广东/广州市社会急救医疗管理条例(2023-02-01).md
https://raw.githubusercontent.com/LawRefBook/Laws/master/行政法规/无人驾驶航空器飞行管理暂行条例(2023-05-31).md,无人驾驶航空器飞行管理暂行条例,LawRefBook (来源声明：国家法律法规数据库),2026-03-27,2023-05-31,2023-05-31,法律法规文本（公开法律文本整合）,ec7446b28b8356d0,p2_1774612796,行政法规/无人驾驶航空器飞行管理暂行条例(2023-05-31).md
https://raw.githubusercontent.com/LawRefBook/Laws/master/行政法规/使用有毒物品作业场所劳动保护条例(2024-12-06).md,使用有毒物品作业场所劳动保护条例,LawRefBook (来源声明：国家法律法规数据库),2026-03-27,2024-12-06,2024-12-06,法律法规文本（公开法律文本整合）,f56a168c09eac2fd,p2_1774612796,行政法规/使用有毒物品作业场所劳动保护条例(2024-12-06).md
https://raw.githubusercontent.com/LawRefBook/Laws/master/DLC/上海地方法规/地方性法规/上海/上海市市容环境卫生管理条例(2018-12-20).md,上海市市容环境卫生管理条例,LawRefBook (来源声明：国家法律法规数据库),2026-03-27,2018-12-20,2018-12-20,法律法规文本（公开法律文本整合）,3de03b0dc4b7c8ad,p2_1774612796,DLC/上海地方法规/地方性法规/上海/上海市市容环境卫生管理条例(2018-12-20).md
https://raw.githubusercontent.com/LawRefBook/Laws/master/社会法/劳动合同法(2012-12-28).md,中华人民共和国劳动合同法,LawRefBook (来源声明：国家法律法规数据库),2026-03-27,2012-12-28,2012-12-28,法律法规文本（公开法律文本整合）,ef955985f111d9ec,p2_1774612796,社会法/劳动合同法(2012-12-28).md
https://raw.githubusercontent.com/LawRefBook/Laws/master/诉讼与非诉讼程序法/行政诉讼法(2017-06-27).md,中华人民共和国行政诉讼法,LawRefBook (来源声明：国家法律法规数据库),2026-03-27,2017-06-27,2017-06-27,法律法规文本（公开法律文本整合）,eb746cf12f898146,p2_1774612796,诉讼与非诉讼程序法/行政诉讼法(2017-06-27).md
https://raw.githubusercontent.com/LawRefBook/Laws/master/民法商法/商标法(2019-04-23).md,中华人民共和国商标法,LawRefBook (来源声明：国家法律法规数据库),2026-03-27,2019-04-23,2019-04-23,法律法规文本（公开法律文本整合）,4514f7436eee4369,p2_1774612796,民法商法/商标法(2019-04-23).md
https://raw.githubusercontent.com/LawRefBook/Laws/master/经济法/畜牧法(2022-10-30).md,中华人民共和国畜牧法,LawRefBook (来源声明：国家法律法规数据库),2026-03-27,2022-10-30,2022-10-30,法律法规文本（公开法律文本整合）,e38df25aa937e352,p2_1774612796,经济法/畜牧法(2022-10-30).md
https://raw.githubusercontent.com/LawRefBook/Laws/master/DLC/广东地方法规/地方性法规/广东/广东省司法鉴定管理条例(2022-03-29).md,广东省司法鉴定管理条例,LawRefBook (来源声明：国家法律法规数据库),2026-03-27,2022-03-29,2022-03-29,法律法规文本（公开法律文本整合）,35117a409061e5ec,p2_1774612796,DLC/广东地方法规/地方性法规/广东/广东省司法鉴定管理条例(2022-03-29).md
https://raw.githubusercontent.com/LawRefBook/Laws/master/行政法/噪声污染防治法(2021-12-24).md,中华人民共和国噪声污染防治法,LawRefBook (来源声明：国家法律法规数据库),2026-03-27,2021-12-24,2021-12-24,法律法规文本（公开法律文本整合）,9ab51b4f224c0234,p2_1774612796,行政法/噪声污染防治法(2021-12-24).md
https://raw.githubusercontent.com/LawRefBook/Laws/master/DLC/广东地方法规/地方性法规/广东/广东省乡村振兴促进条例(2022-06-01).md,广东省乡村振兴促进条例,LawRefBook (来源声明：国家法律法规数据库),2026-03-27,2022-06-01,2022-06-01,法律法规文本（公开法律文本整合）,bb46acd4ffbab124,p2_1774612796,DLC/广东地方法规/地方性法规/广东/广东省乡村振兴促进条例(2022-06-01).md
https://raw.githubusercontent.com/LawRefBook/Laws/master/DLC/浙江地方法规/地方性法规/浙江/浙江省地方立法条例(2016-01-28).md,浙江省地方立法条例,LawRefBook (来源声明：国家法律法规数据库),2026-03-27,2016-01-28,2016-01-28,法律法规文本（公开法律文本整合）,9fd1657487472ae6,p2_1774612796,DLC/浙江地方法规/地方性法规/浙江/浙江省地方立法条例(2016-01-28).md
https://raw.githubusercontent.com/LawRefBook/Laws/master/行政法规/军人抚恤优待条例(2024-08-05).md,军人抚恤优待条例,LawRefBook (来源声明：国家法律法规数据库),2026-03-27,2024-08-05,2024-08-05,法律法规文本（公开法律文本整合）,14df7348ad1f8701,p2_1774612796,行政法规/军人抚恤优待条例(2024-08-05).md
https://raw.githubusercontent.com/LawRefBook/Laws/master/DLC/山东地方法规/地方性法规/山东/菏泽市城乡规划条例(2018-12-07).md,菏泽市城乡规划条例,LawRefBook (来源声明：国家法律法规数据库),2026-03-27,2018-12-07,2018-12-07,法律法规文本（公开法律文本整合）,1fb6919ec3a7f369,p2_1774612796,DLC/山东地方法规/地方性法规/山东/菏泽市城乡规划条例(2018-12-07).md
https://raw.githubusercontent.com/LawRefBook/Laws/master/经济法/矿产资源法(2024-11-08).md,中华人民共和国矿产资源法,LawRefBook (来源声明：国家法律法规数据库),2026-03-27,2024-11-08,2024-11-08,法律法规文本（公开法律文本整合）,c903355edbbc5ce0,p2_1774612796,经济法/矿产资源法(2024-11-08).md
https://raw.githubusercontent.com/LawRefBook/Laws/master/DLC/上海地方法规/地方性法规/上海/上海市燃气管理条例.md,上海市燃气管理条例,LawRefBook (来源声明：国家法律法规数据库),2026-03-27,0000-00-00,,法律法规文本（公开法律文本整合）,b8340dce8d1f15e8,p2_1774612796,DLC/上海地方法规/地方性法规/上海/上海市燃气管理条例.md
https://raw.githubusercontent.com/LawRefBook/Laws/master/DLC/河南地方法规/地方性法规/河南/河南省实施《城乡规划法》办法(2010-07-30).md,河南省实施《中华人民共和国城乡规划法》办法,LawRefBook (来源声明：国家法律法规数据库),2026-03-27,2010-07-30,2010-07-30,法律法规文本（公开法律文本整合）,7ab164411835e81e,p2_1774612796,DLC/河南地方法规/地方性法规/河南/河南省实施《城乡规划法》办法(2010-07-30).md
https://raw.githubusercontent.com/LawRefBook/Laws/master/行政法规/药品管理法实施条例(2024-12-06).md,中华人民共和国药品管理法实施条例,LawRefBook (来源声明：国家法律法规数据库),2026-03-27,2024-12-06,2024-12-06,法律法规文本（公开法律文本整合）,93e3addacfb543c4,p2_1774612796,行政法规/药品管理法实施条例(2024-12-06).md
https://raw.githubusercontent.com/LawRefBook/Laws/master/DLC/山东地方法规/地方性法规/山东/聊城市城镇容貌和环境卫生管理条例(2020-01-16).md,聊城市城镇容貌和环境卫生管理条例,LawRefBook (来源声明：国家法律法规数据库),2026-03-27,2020-01-16,2020-01-16,法律法规文本（公开法律文本整合）,3635972f0480a0af,p2_1774612796,DLC/山东地方法规/地方性法规/山东/聊城市城镇容貌和环境卫生管理条例(2020-01-16).md
https://raw.githubusercontent.com/LawRefBook/Laws/master/部门规章/市场监督管理总局/医疗器械生产监督管理办法(2022-03-10).md,医疗器械生产监督管理办法,LawRefBook (来源声明：国家法律法规数据库),2026-03-27,2022-03-10,2022-03-10,法律法规文本（公开法律文本整合）,7d162802c7415237,p2_1774612796,部门规章/市场监督管理总局/医疗器械生产监督管理办法(2022-03-10).md
https://raw.githubusercontent.com/LawRefBook/Laws/master/DLC/上海地方法规/地方性法规/上海/上海市精神卫生条例.md,上海市精神卫生条例,LawRefBook (来源声明：国家法律法规数据库),2026-03-27,0000-00-00,,法律法规文本（公开法律文本整合）,e738f9e7f59e68b5,p2_1774612796,DLC/上海地方法规/地方性法规/上海/上海市精神卫生条例.md
https://raw.githubusercontent.com/LawRefBook/Laws/master/DLC/山东地方法规/地方性法规/山东/聊城市历史文化名城名镇名村保护条例(2020-09-29).md,聊城市历史文化名城名镇名村保护条例,LawRefBook (来源声明：国家法律法规数据库),2026-03-27,2020-09-29,2020-09-29,法律法规文本（公开法律文本整合）,0a92ff4910720b7c,p2_1774612796,DLC/山东地方法规/地方性法规/山东/聊城市历史文化名城名镇名村保护条例(2020-09-29).md
https://raw.githubusercontent.com/LawRefBook/Laws/master/经济法/税收征收管理法(2015-04-24).md,中华人民共和国税收征收管理法,LawRefBook (来源声明：国家法律法规数据库),2026-03-27,2015-04-24,2015-04-24,法律法规文本（公开法律文本整合）,72b6f58ecbc85f3b,p2_1774612796,经济法/税收征收管理法(2015-04-24).md
https://raw.githubusercontent.com/LawRefBook/Laws/master/宪法相关法/监察法(2024-12-25).md,中华人民共和国监察法,LawRefBook (来源声明：国家法律法规数据库),2026-03-27,2024-12-25,2024-12-25,法律法规文本（公开法律文本整合）,2c301ee3b998c75d,p2_1774612796,宪法相关法/监察法(2024-12-25).md
https://raw.githubusercontent.com/LawRefBook/Laws/master/行政法规/退役军人安置条例(2024-07-29).md,退役军人安置条例,LawRefBook (来源声明：国家法律法规数据库),2026-03-27,2024-07-29,2024-07-29,法律法规文本（公开法律文本整合）,4c8d09d9fe46b1ec,p2_1774612796,行政法规/退役军人安置条例(2024-07-29).md
https://raw.githubusercontent.com/LawRefBook/Laws/master/行政法规/疫苗流通和预防接种管理条例(2016-04-23).md,疫苗流通和预防接种管理条例,LawRefBook (来源声明：国家法律法规数据库),2026-03-27,2016-04-23,2016-04-23,法律法规文本（公开法律文本整合）,50e0dcd454be3f34,p2_1774612796,行政法规/疫苗流通和预防接种管理条例(2016-04-23).md
https://raw.githubusercontent.com/LawRefBook/Laws/master/部门规章/市场监督管理总局/市场主体登记管理条例实施细则(2022-03-01).md,中华人民共和国市场主体登记管理条例实施细则,LawRefBook (来源声明：国家法律法规数据库),2026-03-27,2022-03-01,2022-03-01,法律法规文本（公开法律文本整合）,443082abc2faa9ff,p2_1774612796,部门规章/市场监督管理总局/市场主体登记管理条例实施细则(2022-03-01).md
https://raw.githubusercontent.com/LawRefBook/Laws/master/行政法规/全民所有制工业企业转换经营机制条例(2011-01-08).md,全民所有制工业企业转换经营机制条例,LawRefBook (来源声明：国家法律法规数据库),2026-03-27,2011-01-08,2011-01-08,法律法规文本（公开法律文本整合）,2a3da4f7cd779e34,p2_1774612796,行政法规/全民所有制工业企业转换经营机制条例(2011-01-08).md
https://raw.githubusercontent.com/LawRefBook/Laws/master/DLC/重庆地方法规/地方性法规/重庆/重庆市安全生产条例(2015-12-08).md,重庆市安全生产条例,LawRefBook (来源声明：国家法律法规数据库),2026-03-27,2015-12-08,2015-12-08,法律法规文本（公开法律文本整合）,0099fe7e66563ea1,p2_1774612796,DLC/重庆地方法规/地方性法规/重庆/重庆市安全生产条例(2015-12-08).md
